{
  "best_metric": 0.8666666666666667,
  "best_model_checkpoint": "./tmp/checkpoint-188",
  "epoch": 1.0,
  "eval_steps": 500,
  "global_step": 188,
  "is_hyper_param_search": false,
  "is_local_process_zero": true,
  "is_world_process_zero": true,
  "log_history": [
    {
      "epoch": 0.26595744680851063,
      "grad_norm": 1.2570910453796387,
      "learning_rate": 0.00017340425531914896,
      "loss": 0.5813,
      "step": 50
    },
    {
      "epoch": 0.5319148936170213,
      "grad_norm": 3.197845220565796,
      "learning_rate": 0.00014680851063829788,
      "loss": 0.3567,
      "step": 100
    },
    {
      "epoch": 0.7978723404255319,
      "grad_norm": 3.212838888168335,
      "learning_rate": 0.00012021276595744682,
      "loss": 0.2898,
      "step": 150
    },
    {
      "epoch": 1.0,
      "eval_accuracy": 0.8666666666666667,
      "eval_f1": 0.8634812286689421,
      "eval_loss": 0.30461573600769043,
      "eval_runtime": 333.2134,
      "eval_samples_per_second": 1.801,
      "eval_steps_per_second": 0.114,
      "step": 188
    }
  ],
  "logging_steps": 50,
  "max_steps": 376,
  "num_input_tokens_seen": 0,
  "num_train_epochs": 2,
  "save_steps": 500,
  "stateful_callbacks": {
    "TrainerControl": {
      "args": {
        "should_epoch_stop": false,
        "should_evaluate": false,
        "should_log": false,
        "should_save": true,
        "should_training_stop": false
      },
      "attributes": {}
    }
  },
  "total_flos": 405577175040000.0,
  "train_batch_size": 16,
  "trial_name": null,
  "trial_params": null
}
